/*
SQLyog Ultimate v12.09 (64 bit)
MySQL - 5.7.11 : Database - course
*********************************************************************
*/

/*!40101 SET NAMES utf8 */;

/*!40101 SET SQL_MODE=''*/;

/*!40014 SET @OLD_UNIQUE_CHECKS=@@UNIQUE_CHECKS, UNIQUE_CHECKS=0 */;
/*!40014 SET @OLD_FOREIGN_KEY_CHECKS=@@FOREIGN_KEY_CHECKS, FOREIGN_KEY_CHECKS=0 */;
/*!40101 SET @OLD_SQL_MODE=@@SQL_MODE, SQL_MODE='NO_AUTO_VALUE_ON_ZERO' */;
/*!40111 SET @OLD_SQL_NOTES=@@SQL_NOTES, SQL_NOTES=0 */;
CREATE DATABASE /*!32312 IF NOT EXISTS*/`course` /*!40100 DEFAULT CHARACTER SET utf8 */;

USE `course`;

/*Table structure for table `course` */

DROP TABLE IF EXISTS `course`;

CREATE TABLE `course` (
  `cid` int(11) NOT NULL AUTO_INCREMENT,
  `tid` int(11) DEFAULT NULL,
  `cname` varchar(20) DEFAULT NULL,
  `ctype` int(11) DEFAULT '1',
  `credit` double DEFAULT NULL,
  `cmax` int(11) DEFAULT NULL,
  `curr` int(11) DEFAULT '0',
  `cnote` varchar(100) DEFAULT NULL,
  PRIMARY KEY (`cid`),
  KEY `tid` (`tid`),
  CONSTRAINT `course_ibfk_1` FOREIGN KEY (`tid`) REFERENCES `teacher` (`tid`)
) ENGINE=InnoDB AUTO_INCREMENT=115 DEFAULT CHARSET=utf8;

/*Data for the table `course` */

insert  into `course`(`cid`,`tid`,`cname`,`ctype`,`credit`,`cmax`,`curr`,`cnote`) values (1,110101,'佛教',1,1.5,60,7,NULL),(2,110101,'道教',1,1.5,60,47,NULL),(5,110102,'海鲜烹饪',1,2,10,9,NULL),(6,110103,'钢琴',1,2,30,30,NULL),(8,110101,'伊斯兰教',1,1.5,60,18,NULL),(9,110101,'基督教',1,1.5,60,22,NULL),(10,110101,'宗教基础',1,1.5,60,20,NULL),(11,110102,'烹饪基础',1,1.5,60,23,NULL),(12,110105,'法律基础',1,2,60,60,NULL),(13,110105,'刑法',1,1.5,60,57,NULL),(14,110103,'音乐鉴赏',1,1.5,60,33,NULL),(15,110104,'马克思理论',1,1.5,60,29,NULL),(16,110104,'时事政治',1,1.5,60,53,NULL),(17,110105,'绘画基础',1,1.5,60,25,NULL),(18,110106,'篮球',1,1.5,15,12,NULL),(19,110105,'素描',1,1.5,60,39,NULL),(20,110106,'排球',1,1.5,15,11,NULL),(21,110106,'乒乓球',1,1.5,15,8,NULL),(22,110107,'俄语',1,2,60,33,NULL),(23,110107,'法语',1,1.5,60,21,NULL),(24,110107,'西班牙语',1,1.5,60,19,NULL),(25,110109,'韩语',1,1,60,17,NULL),(26,110108,'日语',1,1,60,13,NULL),(27,110108,'英语',2,2,60,60,NULL),(28,110109,'汉语言文学',1,2,60,53,NULL),(29,110110,'管理基础',1,1.5,60,60,NULL),(30,110110,'商务管理',1,1.5,60,47,NULL),(31,110111,'商务礼仪',1,1,60,51,NULL),(32,110111,'公关基础',1,1,60,42,NULL),(33,110112,'婚姻法',1,1,60,35,NULL),(34,110112,'劳动法',1,1,60,43,NULL),(35,110113,'合同法',1,1,60,39,NULL),(36,110113,'交通法',1,1,60,48,NULL),(37,110114,'小提琴',1,1.5,30,17,NULL),(38,110114,'二胡',1,2,30,19,NULL),(39,110115,'笛子',1,1,30,17,NULL),(40,110115,'口琴',1,1,30,13,NULL),(41,110116,'架子鼓',1,1,30,16,NULL),(42,110116,'吉他',1,1.5,30,22,NULL),(43,110118,'油画',1,1.5,60,30,NULL),(44,110118,'水墨画',1,2,60,26,NULL),(45,110117,'足球',1,1.5,15,9,NULL),(46,110117,'轮滑',1,1.5,15,7,NULL),(47,110119,'财务管理',1,1.5,60,34,NULL),(48,110119,'信息管理',1,1.5,60,26,NULL),(49,110120,'岩体力学',2,2,60,60,NULL),(50,110120,'流体力学',2,2,60,60,NULL),(51,110121,'测量基础',2,1.5,60,60,NULL),(52,110122,'制图基础',2,1.5,60,60,NULL),(53,110123,'数学建模基础',1,1.5,60,44,NULL),(54,110124,'机械工程基础',2,1.5,60,60,NULL),(55,110114,'摄影基础',1,1.5,60,46,NULL),(56,110113,'成功学基础',1,1.5,60,53,NULL),(57,110113,'心理学基础',1,2,60,57,NULL),(58,110119,'舞蹈基础',1,1,15,11,NULL),(59,110117,'武术基础',1,1,15,13,NULL),(60,110118,'跆拳道基础',1,1,15,14,NULL),(61,110117,'太极',1,1.5,15,11,NULL),(62,110116,'中国古代史',1,2,60,43,NULL),(63,110116,'世界历史',1,2,60,55,NULL),(64,110115,'地理基础',1,1.5,60,32,NULL),(65,110115,'地质基础',2,1.5,60,60,NULL),(66,110114,'电子信息基础',1,1.5,60,41,NULL),(67,110114,'电子信息工程',1,1.5,60,43,NULL),(68,110113,'人力资源管理',1,2,60,54,NULL),(69,110112,'中国象棋',1,1,30,25,NULL),(70,110112,'国际象棋',1,1,30,21,NULL),(71,110112,'五子棋',1,1,30,17,NULL),(72,110111,'军棋',1,1,30,23,NULL),(73,110111,'围棋',1,1,30,14,NULL),(74,110110,'税法',1,1.5,60,43,NULL),(75,110110,'工商企业管理',1,1.5,60,36,NULL),(76,110108,'计算机基础',2,1.5,60,60,NULL),(77,110108,'C语言',1,2,60,60,NULL),(78,110107,'office办公',1,2,60,60,NULL),(79,110106,'基础化学',1,1.5,60,39,NULL),(80,110105,'理论力学',2,1.5,60,60,NULL),(81,110104,'有机化学',1,1.5,60,37,NULL),(82,110104,'高分子材料',1,1.5,60,33,NULL),(83,110103,'合成材料',1,1.5,60,41,NULL),(84,110102,'工程测量',2,1.5,60,60,NULL),(85,110109,'测量内业',1,1.5,60,32,NULL),(86,110109,'测量外业',1,1.5,60,28,NULL),(87,110124,'工程制图',2,1.5,60,60,NULL),(88,110124,'机械制图',2,1.5,60,60,NULL),(89,110123,'CAD制图',2,1.5,60,60,NULL),(90,110122,'CASS制图',2,1.5,60,60,NULL),(91,110123,'图片处理',1,1.5,60,27,NULL),(92,110122,'奥林匹克数学建模',1,2,60,47,NULL),(93,110121,'机械工程实操',1,2,60,60,NULL),(94,110120,'健美操',1,1.5,15,11,NULL),(95,110119,'机械舞',1,1.5,15,9,NULL),(96,110118,'瑜伽',1,1.5,15,13,NULL),(97,110117,'现代舞',1,1.5,15,12,NULL),(98,110104,'印度舞',1,1.5,15,7,NULL),(99,110112,'咏春拳',1,1.5,15,11,NULL),(100,110112,'长拳',1,1.5,15,7,NULL),(101,110107,'中国近代史',1,1.5,60,19,NULL),(102,110107,'中国现代史',1,1.5,60,23,NULL),(103,110108,'诗经鉴赏',1,1,60,22,NULL),(104,110108,'唐诗鉴赏',1,1,60,31,NULL),(105,110108,'宋词鉴赏',1,1,60,17,NULL),(106,110121,'地貌鉴别',1,2,60,23,NULL),(107,110121,'岩石鉴别',1,2,60,60,NULL),(108,110123,'气象基础',1,1.5,60,37,NULL),(109,110123,'气候基础',1,1.5,60,28,NULL),(110,110124,'影视鉴赏',1,1,60,57,NULL),(111,110113,'平面设计',1,1,60,18,NULL),(112,110116,'茶艺',1,1,60,23,NULL),(114,110108,'教',1,1,60,0,NULL);

/*Table structure for table `elect` */

DROP TABLE IF EXISTS `elect`;

CREATE TABLE `elect` (
  `sid` int(11) DEFAULT NULL,
  `cid` int(11) DEFAULT NULL,
  `score` double DEFAULT NULL,
  KEY `sid` (`sid`),
  KEY `cid` (`cid`),
  CONSTRAINT `elect_ibfk_1` FOREIGN KEY (`sid`) REFERENCES `student` (`sid`),
  CONSTRAINT `elect_ibfk_2` FOREIGN KEY (`cid`) REFERENCES `course` (`cid`)
) ENGINE=InnoDB DEFAULT CHARSET=utf8;

/*Data for the table `elect` */

insert  into `elect`(`sid`,`cid`,`score`) values (190102,1,52),(190107,1,NULL),(190106,1,40),(190103,1,NULL),(190106,2,NULL),(190110,1,NULL),(190108,1,NULL),(190101,1,59),(190101,5,0);

/*Table structure for table `student` */

DROP TABLE IF EXISTS `student`;

CREATE TABLE `student` (
  `sid` int(11) NOT NULL AUTO_INCREMENT,
  `skey` varchar(20) DEFAULT NULL,
  `sname` varchar(20) DEFAULT NULL,
  `sex` varchar(2) DEFAULT NULL,
  `age` int(11) DEFAULT NULL,
  `credit` double DEFAULT '0',
  `address` varchar(50) DEFAULT NULL,
  `phone` varchar(15) DEFAULT NULL,
  `email` varchar(20) DEFAULT NULL,
  PRIMARY KEY (`sid`)
) ENGINE=InnoDB AUTO_INCREMENT=190223 DEFAULT CHARSET=utf8;

/*Data for the table `student` */

insert  into `student`(`sid`,`skey`,`sname`,`sex`,`age`,`credit`,`address`,`phone`,`email`) values (190101,'1234567','马冰莹','女',23,26.5,'陕西西安','17121416369','1712141636@qq.com'),(190102,'123456','王莹莹','女',19,24.5,'陕西西安','27271392572','2727139257@qq.com'),(190103,'123456','王钰婷','女',21,27,'陕西西安','31282063883','3128206388@qq.com'),(190106,'123456','刘硕','女',21,29,'陕西西安','15593344687','1559334468@qq.com'),(190107,'123456','李嘉欣','女',20,26,'陕西西安','13346775383','1334677538@qq.com'),(190108,'123456','王彩平','男',21,29,'陕西西安','13855546756','1385546756@qq.com'),(190109,'123456','李思雨','女',21,29,'陕西西安','15593344687','1559334468@qq.com'),(190110,'123456','潘金雅','女',21,29,'陕西西安','15593344687','1559334468@qq.com'),(190111,'123456','彭诗宇\r\n','男',21,29,'陕西西安','15593344687','1559334468@qq.com'),(190112,'123456','于龙志','男',21,29,'陕西西安','15593344687','1559334468@qq.com'),(190113,'123456','马温如\r\n','男',21,29,'陕西西安','15593344687','1559334468@qq.com'),(190114,'123456','王懿','男',21,29,'陕西西安','15593344687','1559334468@qq.com'),(190115,'123456','付乔乔\r\n','女',21,29,'陕西西安','15593344687','1559334468@qq.com'),(190116,'123456','史慧雯\r\n','女',21,29,'陕西西安','15593344687','1559334468@qq.com'),(190117,'123456','刘畅\r\n','女',21,29,'陕西西安','15593344687','1559334468@qq.com'),(190118,'123456','孙文颖\r\n','女',21,29,'陕西西安','15593344687','1559334468@qq.com'),(190119,'123456','孙林旺\r\n','男',21,29,'陕西西安','15593344687','1559334468@qq.com'),(190120,'123456','孙雨欣\r\n','女',21,29,'陕西西安','15593344687','1559334468@qq.com'),(190121,'123456','江滨\r\n','男',21,29,'陕西西安','15593344687','1559334468@qq.com'),(190122,'123456','闫旭本\r\n','男',21,29,'陕西西安','15593344687','1559334468@qq.com'),(190123,'123456','阮永康\r\n','男',21,29,'陕西西安','15593344687','1559334468@qq.com'),(190124,'123456','张文杰\r\n','男',21,29,'陕西西安','15593344687','1559334468@qq.com'),(190125,'123456','杨婷婷\r\n','女',21,29,'陕西西安','15593344687','1559334468@qq.com'),(190126,'123456','骆飞蝶\r\n','女',21,29,'陕西西安','15593344687','1559334468@qq.com'),(190128,'123456','任婧文\r\n','女',21,29,'陕西西安','15593344687','1559334468@qq.com'),(190129,'123456','苏榕\r\n','女',21,29,'陕西西安','15593344687','1559334468@qq.com'),(190130,'123456','梁有金\r\n','男',21,29,'陕西西安','15593344687','1559334468@qq.com'),(190131,'123456','魏若琳\r\n','女',21,29,'陕西西安','15593344687','1559334468@qq.com'),(190132,'123456','向谷顶\r\n','男',21,29,'陕西西安','15593344687','1559334468@qq.com'),(190133,'123456','肖杨','男',21,29,'陕西西安','15593344687','1559334468@qq.com'),(190134,'123456','杜洋\r\n','男',21,29,'陕西西安','15593344687','1559334468@qq.com'),(190135,'123456','周慧文\r\n','女',21,29,'陕西西安','15593344687','1559334468@qq.com'),(190136,'123456','郭恒莉\r\n','女',21,29,'陕西西安','15593344687','1559334468@qq.com'),(190137,'123456','杨晨\r\n','男',21,29,'陕西西安','15593344687','1559334468@qq.com'),(190138,'123456','邱冬梅\r\n','女',21,29,'陕西西安','15593344687','1559334468@qq.com'),(190139,'123456','麻晓范\r\n','男',21,29,'陕西西安','15593344687','1559334468@qq.com'),(190140,'123456','冯丽娜','女',21,29,'陕西西安','15593344687','1559334468@qq.com'),(190141,'123456','张娟\r\n','女',21,29,'陕西西安','15593344687','1559334468@qq.com'),(190142,'123456','黄慧芳\r\n','女',21,29,'陕西西安','15593344687','1559334468@qq.com'),(190143,'123456','谢艺萌\r\n','女',21,29,'陕西西安','15593344687','1559334468@qq.com'),(190144,'123456','王思婉\r\n','女',21,29,'陕西西安','15593344687','1559334468@qq.com'),(190145,'123456','朱亚丹\r\n','女',21,29,'陕西西安','15593344687','1559334468@qq.com'),(190146,'123456','赵鑫玥\r\n','女',21,29,'陕西西安','15593344687','1559334468@qq.com'),(190147,'123456','王璐璐\r\n','女',21,29,'陕西西安','15593344687','1559334468@qq.com'),(190148,'123456','朱倩玲\r\n','女',21,29,'陕西西安','15593344687','1559334468@qq.com'),(190149,'123456','毕雪梅\r\n','女',21,29,'陕西西安','15593344687','1559334468@qq.com'),(190150,'123456','张海洋\r\n','男',21,29,'陕西西安','15593344687','1559334468@qq.com'),(190151,'123456','方可馨\r\n','女',21,29,'陕西西安','15593344687','1559334468@qq.com'),(190152,'123456','王月月\r\n','女',21,29,'陕西西安','15593344687','1559334468@qq.com'),(190153,'123456','王舒\r\n','女',21,29,'陕西西安','15593344687','1559334468@qq.com'),(190154,'123456','刘民杰\r\n','男',21,29,'陕西西安','15593344687','1559334468@qq.com'),(190155,'123456','陈孝武\r\n','男',21,29,'陕西西安','15593344687','1559334468@qq.com'),(190157,'123456','孟凡元\r\n','男',21,29,'陕西西安','15593344687','1559334468@qq.com'),(190158,'123456','郭树祎\r\n','男',21,29,'陕西西安','15593344687','1559334468@qq.com'),(190160,'123456','吴海兵\r\n','男',21,29,'陕西西安','15593344687','1559334468@qq.com');

/*Table structure for table `teacher` */

DROP TABLE IF EXISTS `teacher`;

CREATE TABLE `teacher` (
  `tid` int(11) NOT NULL AUTO_INCREMENT,
  `tkey` varchar(20) DEFAULT NULL,
  `tname` varchar(20) DEFAULT NULL,
  `sex` varchar(2) DEFAULT NULL,
  `age` int(11) DEFAULT NULL,
  `phone` varchar(15) DEFAULT NULL,
  `email` varchar(20) DEFAULT NULL,
  PRIMARY KEY (`tid`)
) ENGINE=InnoDB AUTO_INCREMENT=110153 DEFAULT CHARSET=utf8;

/*Data for the table `teacher` */

insert  into `teacher`(`tid`,`tkey`,`tname`,`sex`,`age`,`phone`,`email`) values (100101,'123456','李德永','男',47,'15593330466','1559333046@qq.com'),(110101,'123456','马艳强\r\n','男',45,'12727139257','1272713925@qq.com'),(110102,'123456','苏泽达\r\n','男',33,'15806051551','1580605155@qq.com'),(110103,'123456','丁娜娜\r\n','女',28,'17621416363','1762141636@qq.com'),(110104,'123456','田甜\r\n','女',21,'15593344687','1559334468@qq.com'),(110105,'123456','朱关琪\r\n','女',21,'15593344687','1559334468@qq.com'),(110106,'123456','何江雪\r\n','女',21,'15593344687','1559334468@qq.com'),(110107,'123456','杨文江\r\n','男',21,'15593344687','1559334468@qq.com'),(110108,'123456','赵媛媛\r\n','女',21,'15593344687','1559334468@qq.com'),(110109,'123456','赵燕\r\n','女',21,'15593344687','1559334468@qq.com'),(110110,'123456','原雪\r\n','女',21,'15593344687','1559334468@qq.com'),(110111,'123456','冯晓涵\r\n','女',21,'15593344687','1559334468@qq.com'),(110112,'123456','刘新秋\r\n','女',21,'15593344687','1559334468@qq.com'),(110113,'123456','吴兵\r\n','男',21,'15593344687','1559334468@qq.com'),(110114,'123456','张凯淞\r\n','男',21,'15593344687','1559334468@qq.com'),(110115,'123456','杨雨薇\r\n','女',21,'15593344687','1559334468@qq.com'),(110116,'123456','陈玉洁\r\n','女',21,'15593344687','1559334468@qq.com'),(110117,'123456','孟凡超\r\n','男',21,'15593344687','1559334468@qq.com'),(110118,'123456','高悦\r\n','男',21,'15593344687','1559334468@qq.com'),(110119,'123456','刘佳凯\r\n','男',21,'15593344687','1559334468@qq.com'),(110120,'123456','何颖\r\n','女',21,'15593344687','1559334468@qq.com'),(110121,'123456','钱春兰\r\n','女',21,'15593344687','1559334468@qq.com'),(110122,'123456','张鹏\r\n','男',21,'15593344687','1559334468@qq.com'),(110123,'123456','杨佳\r\n','男',21,'15593344687','1559334468@qq.com'),(110124,'123456','高书宁\r\n','男',21,'15593344687','1559334468@qq.com'),(110125,'123456','李依璇\r\n','男',21,'15593344687','1559334468@qq.com'),(110126,'123456','徐丹丹\r\n','女',21,'15593344687','1559334468@qq.com'),(110127,'123456','徐冬雪\r\n','女',21,'15593344687','1559334468@qq.com'),(110128,'123456','王振江','男',21,'15593344687','1559334468@qq.com'),(110129,'123456','贾宇彤','女',21,'15593344687','1559334468@qq.com'),(110130,'123456','滕飞\r\n','男',21,'15593344687','1559334468@qq.com'),(110131,'123456','张云鹤\r\n','男',21,'15593344687','1559334468@qq.com'),(110132,'123456','叶涛\r\n','男',21,'15593344687','1559334468@qq.com'),(110133,'123456','王璐琪','女',21,'15593344687','1559334468@qq.com'),(110134,'123456','张艺\r\n','女',21,'15593344687','1559334468@qq.com'),(110135,'123456','毕嘉琪\r\n','女',21,'15593344687','1559334468@qq.com'),(110136,'123456','杜天波\r\n','男',21,'15593344687','1559334468@qq.com'),(110137,'123456','张鑫淼\r\n','女',21,'15593344687','1559334468@qq.com'),(110138,'123456','刘宇轩\r\n','男',21,'15593344687','1559334468@qq.com'),(110139,'123456','于茜茜\r\n','女',21,'15593344687','1559334468@qq.com'),(110140,'123456','吕静文\r\n','男',21,'15593344687','1559334468@qq.com'),(110141,'123456','史春柳\r\n','女',21,'15593344687','1559334468@qq.com'),(110142,'123456','蒋伟业\r\n','男',21,'15593344687','1559334468@qq.com'),(110143,'123456','王媛媛','女',21,'15593344687','1559334468@qq.com'),(110144,'123456','王小伟','男',21,'15593344687','1559334468@qq.com'),(110145,'123456','毛鹏飞\r\n','男',21,'15593344687','1559334468@qq.com'),(110146,'123456','王丽娜\r\n','女',21,'15593344687','1559334468@qq.com'),(110147,'123456','刘文豪\r\n','男',21,'15593344687','1559334468@qq.com'),(110148,'123456','邢昊\r\n','男',21,'15593344687','1559334468@qq.com'),(110149,'123456','王婧\r\n','女',21,'15593344687','1559334468@qq.com'),(110150,'123456','杜宇恒\r\n','男',21,'15593344687','1559334468@qq.com'),(110151,'123456','赵浩','男',34,'13776321543','1377632154@qq.com'),(110152,'123456','李永','男',47,'15593330466','1559333046@qq.com');

/*!40101 SET SQL_MODE=@OLD_SQL_MODE */;
/*!40014 SET FOREIGN_KEY_CHECKS=@OLD_FOREIGN_KEY_CHECKS */;
/*!40014 SET UNIQUE_CHECKS=@OLD_UNIQUE_CHECKS */;
/*!40111 SET SQL_NOTES=@OLD_SQL_NOTES */;
